{"custom_metrics": {}, "episode_media": {}, "info": {"learner": {"predator_policy": {"learner_stats": {"allreduce_latency": 0.0, "grad_gnorm": 0.4164930564858926, "cur_kl_coeff": 0.2, "cur_lr": 5.0000000000000016e-05, "total_loss": 4.903407829905313, "policy_loss": -0.0023103902587006805, "vf_loss": 4.904623303211555, "vf_explained_var": -0.00013256577587632276, "kl": 0.005474560128991864, "entropy": 1.604013960008268, "entropy_coeff": 0.0}, "model": {}, "custom_metrics": {}, "num_agent_steps_trained": 126.98412698412699, "num_grad_updates_lifetime": 945.5, "diff_num_grad_updates_vs_sampler_policy": 944.5}, "prey_policy": {"learner_stats": {"allreduce_latency": 0.0, "grad_gnorm": 0.8213228123114695, "cur_kl_coeff": 0.2, "cur_lr": 5.0000000000000016e-05, "total_loss": 8.406841030322685, "policy_loss": -0.00241876517560471, "vf_loss": 8.408161677002276, "vf_explained_var": 0.004453366395657655, "kl": 0.005490647890376953, "entropy": 1.6038559029342006, "entropy_coeff": 0.0}, "model": {}, "custom_metrics": {}, "num_agent_steps_trained": 126.98412698412699, "num_grad_updates_lifetime": 945.5, "diff_num_grad_updates_vs_sampler_policy": 944.5}}, "num_env_steps_sampled": 4000, "num_env_steps_trained": 4000, "num_agent_steps_sampled": 16000, "num_agent_steps_trained": 16000}, "env_runners": {"episode_reward_max": 204.09999999999937, "episode_reward_min": -203.10000000000042, "episode_reward_mean": 19.194444444444255, "episode_len_mean": 200.0, "episode_media": {}, "episodes_timesteps_total": 3600, "policy_reward_min": {"prey_policy": -266.1999999999994, "predator_policy": 0.0}, "policy_reward_max": {"prey_policy": 165.79999999999984, "predator_policy": 146.0}, "policy_reward_mean": {"prey_policy": -29.291666666666806, "predator_policy": 38.888888888888886}, "custom_metrics": {}, "hist_stats": {"episode_reward": [-170.10000000000073, -52.8999999999996, 56.70000000000038, 144.79999999999933, 43.10000000000002, 58.69999999999966, 93.49999999999983, 116.99999999999983, 41.500000000000064, 204.09999999999937, 103.69999999999854, -42.299999999999955, -16.399999999999842, 50.29999999999951, 9.500000000000014, -32.19999999999974, -203.10000000000042, -60.399999999999686], "episode_lengths": [200, 200, 200, 200, 200, 200, 200, 200, 200, 200, 200, 200, 200, 200, 200, 200, 200, 200], "policy_prey_policy_reward": [-242.80000000000018, -136.30000000000055, -164.50000000000054, 20.599999999999994, -91.0000000000008, 64.69999999999942, 114.49999999999986, 5.299999999999967, 40.70000000000008, -76.60000000000069, 8.000000000000004, 31.70000000000021, 27.500000000000036, 13.999999999999961, 18.50000000000006, 96.50000000000003, -97.60000000000002, -7.900000000000006, 20.29999999999999, 165.79999999999984, 20.000000000000014, 82.69999999999928, -89.50000000000009, -59.79999999999999, 67.70000000000007, -195.10000000000036, -24.400000000000066, 7.700000000000072, 25.400000000000006, -61.900000000000006, -112.3000000000004, -19.900000000000013, -82.90000000000033, -266.1999999999994, 20.000000000000014, -177.40000000000038], "policy_predator_policy_reward": [96.0, 113.0, 42.0, 49.0, 25.0, 58.0, 12.0, 13.0, 4.0, 75.0, 13.0, 6.0, 47.0, 5.0, 2.0, 0.0, 82.0, 65.0, 16.0, 2.0, 0.0, 1.0, 67.0, 40.0, 111.0, 0.0, 3.0, 64.0, 45.0, 1.0, 100.0, 0.0, 146.0, 0.0, 49.0, 48.0]}, "sampler_perf": {"mean_raw_obs_processing_ms": 1.1545342192906622, "mean_inference_ms": 2.871832857178781, "mean_action_processing_ms": 0.4887093312308278, "mean_env_wait_ms": 0.7064398271665921, "mean_env_render_ms": 0.0}, "num_faulty_episodes": 0, "connector_metrics": {"ObsPreprocessorConnector_ms": 0.006154510709974501, "StateBufferConnector_ms": 0.0037742985619439017, "ViewRequirementAgentConnector_ms": 0.15559991200764975}, "num_episodes": 18, "episode_return_max": 204.09999999999937, "episode_return_min": -203.10000000000042, "episode_return_mean": 19.194444444444255, "episodes_this_iter": 18}, "num_healthy_workers": 9, "num_in_flight_async_sample_reqs": 0, "num_remote_worker_restarts": 0, "num_agent_steps_sampled": 16000, "num_agent_steps_trained": 16000, "num_env_steps_sampled": 4000, "num_env_steps_trained": 4000, "num_env_steps_sampled_this_iter": 4000, "num_env_steps_trained_this_iter": 4000, "num_env_steps_sampled_throughput_per_sec": 249.2184968338577, "num_env_steps_trained_throughput_per_sec": 249.2184968338577, "timesteps_total": 4000, "num_env_steps_sampled_lifetime": 4000, "num_agent_steps_sampled_lifetime": 16000, "num_steps_trained_this_iter": 4000, "agent_timesteps_total": 16000, "timers": {"training_iteration_time_ms": 16050.181, "restore_workers_time_ms": 0.018, "training_step_time_ms": 16049.312, "sample_time_ms": 2483.253, "learn_time_ms": 13517.945, "learn_throughput": 295.903, "synch_weights_time_ms": 36.771}, "counters": {"num_env_steps_sampled": 4000, "num_env_steps_trained": 4000, "num_agent_steps_sampled": 16000, "num_agent_steps_trained": 16000}, "done": false, "training_iteration": 1, "trial_id": "5b7e3_00000", "date": "2024-08-12_23-52-18", "timestamp": 1723521138, "time_this_iter_s": 16.173673152923584, "time_total_s": 16.173673152923584, "pid": 45178, "hostname": "joys-mbp.lan", "node_ip": "127.0.0.1", "config": {"extra_python_environs_for_driver": {}, "extra_python_environs_for_worker": {}, "placement_strategy": "PACK", "num_gpus": 0, "_fake_gpus": false, "num_cpus_for_main_process": 1, "eager_tracing": true, "eager_max_retraces": 20, "tf_session_args": {"intra_op_parallelism_threads": 2, "inter_op_parallelism_threads": 2, "gpu_options": {"allow_growth": true}, "log_device_placement": false, "device_count": {"CPU": 1}, "allow_soft_placement": true}, "local_tf_session_args": {"intra_op_parallelism_threads": 8, "inter_op_parallelism_threads": 8}, "torch_compile_learner": false, "torch_compile_learner_what_to_compile": "forward_train", "torch_compile_learner_dynamo_backend": "aot_eager", "torch_compile_learner_dynamo_mode": null, "torch_compile_worker": false, "torch_compile_worker_dynamo_backend": "aot_eager", "torch_compile_worker_dynamo_mode": null, "enable_rl_module_and_learner": false, "enable_env_runner_and_connector_v2": false, "env": "custom_tag_v0", "env_config": {"num_prey": 2, "num_predators": 2, "prey_speed": 1, "predator_speed": 1, "map_size": 30, "max_steps": 200, "screen_size": 600, "grid_size": 10}, "observation_space": null, "action_space": null, "clip_rewards": null, "normalize_actions": true, "clip_actions": true, "_is_atari": null, "env_task_fn": null, "render_env": false, "action_mask_key": "action_mask", "env_runner_cls": null, "num_env_runners": 9, "num_envs_per_env_runner": 1, "num_cpus_per_env_runner": 1, "num_gpus_per_env_runner": 0, "custom_resources_per_env_runner": {}, "validate_env_runners_after_construction": true, "sample_timeout_s": 60.0, "_env_to_module_connector": null, "add_default_connectors_to_env_to_module_pipeline": true, "_module_to_env_connector": null, "add_default_connectors_to_module_to_env_pipeline": true, "episode_lookback_horizon": 1, "rollout_fragment_length": "auto", "batch_mode": "truncate_episodes", "compress_observations": false, "remote_worker_envs": false, "remote_env_batch_wait_ms": 0, "enable_tf1_exec_eagerly": false, "sample_collector": "<class 'ray.rllib.evaluation.collectors.simple_list_collector.SimpleListCollector'>", "preprocessor_pref": "deepmind", "observation_filter": "NoFilter", "update_worker_filter_stats": true, "use_worker_filter_stats": true, "enable_connectors": true, "sampler_perf_stats_ema_coef": null, "num_learners": 0, "num_gpus_per_learner": 0, "num_cpus_per_learner": 1, "local_gpu_idx": 0, "gamma": 0.99, "lr": 5e-05, "grad_clip": null, "grad_clip_by": "global_norm", "train_batch_size": 4000, "train_batch_size_per_learner": null, "model": {"_disable_preprocessor_api": false, "_disable_action_flattening": false, "fcnet_hiddens": [256, 256], "fcnet_activation": "tanh", "fcnet_weights_initializer": null, "fcnet_weights_initializer_config": null, "fcnet_bias_initializer": null,