{"custom_metrics": {}, "episode_media": {}, "info": {"learner": {"policy_0": {"learner_stats": {"allreduce_latency": 0.0, "grad_gnorm": 0.9521765388572178, "cur_kl_coeff": 0.2, "cur_lr": 5.0000000000000016e-05, "total_loss": 4.230977782933984, "policy_loss": -0.014022824265813123, "vf_loss": 4.24242270640291, "vf_explained_var": 0.0035342938983783175, "kl": 0.012889498637394718, "entropy": 1.574950201544391, "entropy_coeff": 0.0}, "model": {}, "custom_metrics": {}, "num_agent_steps_trained": 127.79552715654953, "num_grad_updates_lifetime": 4695.5, "diff_num_grad_updates_vs_sampler_policy": 4694.5}}, "num_env_steps_sampled": 4000, "num_env_steps_trained": 4000, "num_agent_steps_sampled": 40000, "num_agent_steps_trained": 40000}, "sampler_results": {"episode_reward_max": -195.0, "episode_reward_min": -2180.0, "episode_reward_mean": -750.0, "episode_len_mean": 201.0, "episode_media": {}, "episodes_this_iter": 18, "episodes_timesteps_total": 3618, "policy_reward_min": {"policy_0": -605.0}, "policy_reward_max": {"policy_0": 30.0}, "policy_reward_mean": {"policy_0": -75.0}, "custom_metrics": {}, "hist_stats": {"episode_reward": [-825.0, -465.0, -710.0, -725.0, -635.0, -275.0, -570.0, -720.0, -310.0, -195.0, -2180.0, -1510.0, -355.0, -580.0, -675.0, -565.0, -1015.0, -1190.0], "episode_lengths": [201, 201, 201, 201, 201, 201, 201, 201, 201, 201, 201, 201, 201, 201, 201, 201, 201, 201], "policy_policy_0_reward": [0.0, 10.0, 0.0, 20.0, -335.0, 0.0, -175.0, -195.0, 10.0, -160.0, -15.0, 0.0, 30.0, -35.0, 0.0, -95.0, 0.0, 0.0, 0.0, -350.0, -285.0, -15.0, 0.0, -50.0, 10.0, 0.0, 10.0, 0.0, 0.0, -380.0, 0.0, -25.0, 10.0, 0.0, -140.0, 0.0, 10.0, -405.0, -30.0, -145.0, 10.0, -50.0, 0.0, -210.0, -155.0, 0.0, -95.0, 0.0, -135.0, 0.0, 0.0, 0.0, 0.0, 0.0, 0.0, 0.0, 0.0, 10.0, -85.0, -200.0, 0.0, -210.0, 10.0, -65.0, -205.0, 0.0, 0.0, -120.0, 10.0, 10.0, 0.0, 0.0, 0.0, -435.0, -145.0, 0.0, 0.0, 0.0, -140.0, 0.0, -60.0, 0.0, 0.0, -105.0, 0.0, -55.0, 20.0, 10.0, -120.0, 0.0, 0.0, 0.0, 0.0, -200.0, 0.0, 0.0, -15.0, 10.0, 0.0, 10.0, 0.0, 20.0, -190.0, -605.0, 10.0, 10.0, -425.0, -335.0, -235.0, -430.0, -215.0, -100.0, 0.0, -30.0, -420.0, -175.0, -210.0, -385.0, 5.0, 20.0, 0.0, 10.0, -270.0, 0.0, 20.0, 0.0, 0.0, -135.0, 10.0, 10.0, -100.0, 0.0, 0.0, -120.0, 0.0, -145.0, 0.0, -220.0, 5.0, 0.0, -200.0, 0.0, 10.0, 10.0, -295.0, 0.0, 0.0, 0.0, 10.0, -210.0, 0.0, 15.0, -10.0, -5.0, 0.0, -120.0, 0.0, 0.0, -275.0, -170.0, -85.0, -445.0, -365.0, 20.0, 0.0, 0.0, 10.0, 0.0, 10.0, -160.0, -145.0, 0.0, -220.0, 0.0, -255.0, 0.0, 0.0, 0.0, -225.0, -345.0]}, "sampler_perf": {"mean_raw_obs_processing_ms": 4.847555062204146, "mean_inference_ms": 2.7277529542978423, "mean_action_processing_ms": 0.717359961491034, "mean_env_wait_ms": 2.729613093721505, "mean_env_render_ms": 0.0}, "num_faulty_episodes": 0, "connector_metrics": {"ObsPreprocessorConnector_ms": 0.07282627953423394, "StateBufferConnector_ms": 0.04809962378607856, "ViewRequirementAgentConnector_ms": 1.2711577945285373}, "num_episodes": 18, "episode_return_max": -195.0, "episode_return_min": -2180.0, "episode_return_mean": -750.0}, "env_runner_results": {"episode_reward_max": -195.0, "episode_reward_min": -2180.0, "episode_reward_mean": -750.0, "episode_len_mean": 201.0, "episode_media": {}, "episodes_this_iter": 18, "episodes_timesteps_total": 3618, "policy_reward_min": {"policy_0": -605.0}, "policy_reward_max": {"policy_0": 30.0}, "policy_reward_mean": {"policy_0": -75.0}, "custom_metrics": {}, "hist_stats": {"episode_reward": [-825.0, -465.0, -710.0, -725.0, -635.0, -275.0, -570.0, -720.0, -310.0, -195.0, -2180.0, -1510.0, -355.0, -580.0, -675.0, -565.0, -1015.0, -1190.0], "episode_lengths": [201, 201, 201, 201, 201, 201, 201, 201, 201, 201, 201, 201, 201, 201, 201, 201, 201, 201], "policy_policy_0_reward": [0.0, 10.0, 0.0, 20.0, -335.0, 0.0, -175.0, -195.0, 10.0, -160.0, -15.0, 0.0, 30.0, -35.0, 0.0, -95.0, 0.0, 0.0, 0.0, -350.0, -285.0, -15.0, 0.0, -50.0, 10.0, 0.0, 10.0, 0.0, 0.0, -380.0, 0.0, -25.0, 10.0, 0.0, -140.0, 0.0, 10.0, -405.0, -30.0, -145.0, 10.0, -50.0, 0.0, -210.0, -155.0, 0.0, -95.0, 0.0, -135.0, 0.0, 0.0, 0.0, 0.0, 0.0, 0.0, 0.0, 0.0, 10.0, -85.0, -200.0, 0.0, -210.0, 10.0, -65.0, -205.0, 0.0, 0.0, -120.0, 10.0, 10.0, 0.0, 0.0, 0.0, -435.0, -145.0, 0.0, 0.0, 0.0, -140.0, 0.0, -60.0, 0.0, 0.0, -105.0, 0.0, -55.0, 20.0, 10.0, -120.0, 0.0, 0.0, 0.0, 0.0, -200.0, 0.0, 0.0, -15.0, 10.0, 0.0, 10.0, 0.0, 20.0, -190.0, -605.0, 10.0, 10.0, -425.0, -335.0, -235.0, -430.0, -215.0, -100.0, 0.0, -30.0, -420.0, -175.0, -210.0, -385.0, 5.0, 20.0, 0.0, 10.0, -270.0, 0.0, 20.0, 0.0, 0.0, -135.0, 10.0, 10.0, -100.0, 0.0, 0.0, -120.0, 0.0, -145.0, 0.0, -220.0, 5.0, 0.0, -200.0, 0.0, 10.0, 10.0, -295.0, 0.0, 0.0, 0.0, 10.0, -210.0, 0.0, 15.0, -10.0, -5.0, 0.0, -120.0, 0.0, 0.0, -275.0, -170.0, -85.0, -445.0, -365.0, 20.0, 0.0, 0.0, 10.0, 0.0, 10.0, -160.0, -145.0, 0.0, -220.0, 0.0, -255.0, 0.0, 0.0, 0.0, -225.0, -345.0]}, "sampler_perf": {"mean_raw_obs_processing_ms": 4.847555062204146, "mean_inference_ms": 2.7277529542978423, "mean_action_processing_ms": 0.717359961491034, "mean_env_wait_ms": 2.729613093721505, "mean_env_render_ms": 0.0}, "num_faulty_episodes": 0, "connector_metrics": {"ObsPreprocessorConnector_ms": 0.07282627953423394, "StateBufferConnector_ms": 0.04809962378607856, "ViewRequirementAgentConnector_ms": 1.2711577945285373}, "num_episodes": 18, "episode_return_max": -195.0, "episode_return_min": -2180.0, "episode_return_mean": -750.0}, "episode_reward_max": -195.0, "episode_reward_min": -2180.0, "episode_reward_mean": -750.0, "episode_len_mean": 201.0, "episodes_this_iter": 18, "episodes_timesteps_total": 3618, "policy_reward_min": {"policy_0": -605.0}, "policy_reward_max": {"policy_0": 30.0}, "policy_reward_mean": {"policy_0": -75.0}, "hist_stats": {"episode_reward": [-825.0, -465.0, -710.0, -725.0, -635.0, -275.0, -570.0, -720.0, -310.0, -195.0, -2180.0, -1510.0, -355.0, -580.0, -675.0, -565.0, -1015.0, -1190.0], "episode_lengths": [201, 201, 201, 201, 201, 201, 201, 201, 201, 201, 201, 201, 201, 201, 201, 201, 201, 201], "policy_policy_0_reward": [0.0, 10.0, 0.0, 20.0, -335.0, 0.0, -175.0, -195.0, 10.0, -160.0, -15.0, 0.0, 30.0, -35.0, 0.0, -95.0, 0.0, 0.0, 0.0, -350.0, -285.0, -15.0, 0.0, -50.0, 10.0, 0.0, 10.0, 0.0, 0.0, -380.0, 0.0, -25.0, 10.0, 0.0, -140.0, 0.0, 10.0, -405.0, -30.0, -145.0, 10.0, -50.0, 0.0, -210.0, -155.0, 0.0, -95.0, 0.0, -135.0, 0.0, 0.0, 0.0, 0.0, 0.0, 0.0, 0.0, 0.0, 10.0, -85.0, -200.0, 0.0, -210.0, 10.0, -65.0, -205.0, 0.0, 0.0, -120.0, 10.0, 10.0, 0.0, 0.0, 0.0, -435.0, -145.0, 0.0, 0.0, 0.0, -140.0, 0.0, -60.0, 0.0, 0.0, -105.0, 0.0, -55.0, 20.0, 10.0, -120.0, 0.0, 0.0, 0.0, 0.0, -200.0, 0.0, 0.0, -15.0, 10.0, 0.0, 10.0, 0.0, 20.0, -190.0, -605.0, 10.0, 10.0, -425.0, -335.0, -235.0, -430.0, -215.0, -100.0, 0.0, -30.0, -420.0, -175.0, -210.0, -385.0, 5.0, 20.0, 0.0, 10.0, -270.0, 0.0, 20.0, 0.0, 0.0, -135.0, 10.0, 10.0, -100.0, 0.0, 0.0, -120.0, 0.0, -145.0, 0.0, -220.0, 5.0, 0.0, -200.0, 0.0, 10.0, 10.0, -295.0, 0.0, 0.0, 0.0, 10.0, -210.0, 0.0, 15.0, -10.0, -5.0, 0.0, -120.0, 0.0, 0.0, -275.0, -170.0, -85.0, -445.0, -365.0, 20.0, 0.0, 0.0, 10.0, 0.0, 10.0, -160.0, -145.0, 0.0, -220.0, 0.0, -255.0, 0.0, 0.0, 0.0, -225.0, -345.0]}, "sampler_perf": {"mean_raw_obs_processing_ms": 4.847555062204146, "mean_inference_ms": 2.7277529542978423, "mean_action_processing_ms": 0.717359961491034, "mean_env_wait_ms": 2.729613093721505, "mean_env_render_ms": 0.0}, "num_faulty_episodes": 0, "connector_metrics": {"ObsPreprocessorConnector_ms": 0.07282627953423394, "StateBufferConnector_ms": 0.04809962378607856, "ViewRequirementAgentConnector_ms": 1.2711577945285373}, "num_episodes": 18, "episode_return_max": -195.0, "episode_return_min": -2180.0, "episode_return_mean": -750.0, "num_healthy_workers": 9, "num_in_flight_async_reqs": 0, "num_remote_worker_restarts": 0, "num_agent_steps_sampled": 40000, "num_agent_steps_trained": 40000, "num_env_steps_sampled": 4000, "num_env_steps_trained": 4000,