{"custom_metrics": {}, "episode_media": {}, "info": {"learner": {"prey_policy": {"learner_stats": {"allreduce_latency": 0.0, "grad_gnorm": 0.9353648854153497, "cur_kl_coeff": 0.2, "cur_lr": 0.00010000000000000003, "total_loss": 7.623628636768886, "policy_loss": -0.009090330091763348, "vf_loss": 7.631019670748837, "vf_explained_var": 0.010317231832988678, "kl": 0.008496442366248674, "entropy": 1.6009422075811517, "entropy_coeff": 0.0}, "model": {}, "custom_metrics": {}, "num_agent_steps_trained": 126.98412698412699, "num_grad_updates_lifetime": 945.5, "diff_num_grad_updates_vs_sampler_policy": 944.5}, "predator_policy": {"learner_stats": {"allreduce_latency": 0.0, "grad_gnorm": 0.7810374819885486, "cur_kl_coeff": 0.2, "cur_lr": 0.00010000000000000003, "total_loss": 6.88488352134745, "policy_loss": -0.0057851389023381725, "vf_loss": 6.88929113610081, "vf_explained_var": 0.0007719047801204459, "kl": 0.006887596568067815, "entropy": 1.6027323917737082, "entropy_coeff": 0.0}, "model": {}, "custom_metrics": {}, "num_agent_steps_trained": 126.98412698412699, "num_grad_updates_lifetime": 945.5, "diff_num_grad_updates_vs_sampler_policy": 944.5}}, "num_env_steps_sampled": 4000, "num_env_steps_trained": 4000, "num_agent_steps_sampled": 16000, "num_agent_steps_trained": 16000}, "env_runners": {"episode_reward_max": 315.2524412726683, "episode_reward_min": -78.62035161170196, "episode_reward_mean": 75.54532530083222, "episode_len_mean": 200.0, "episode_media": {}, "episodes_timesteps_total": 3600, "policy_reward_min": {"prey_policy": -391.00288243119974, "predator_policy": 15.01134380225759}, "policy_reward_max": {"prey_policy": 95.48201584968052, "predator_policy": 432.6018184095286}, "policy_reward_mean": {"prey_policy": -105.41699210366467, "predator_policy": 143.18965475408064}, "custom_metrics": {}, "hist_stats": {"episode_reward": [41.400000000000084, 175.92725673435814, 65.24723090751277, 45.957253409853514, 42.81241078152067, 108.94318646154198, 315.2524412726683, 126.39180661212174, 66.50999999999995, 16.84000000000009, 72.21000000000049, 28.94654000484869, 124.44000000000011, 30.05804222951229, -78.62035161170196, 28.576003516382702, 43.474035096359835, 105.45000000000078], "episode_lengths": [200, 200, 200, 200, 200, 200, 200, 200, 200, 200, 200, 200, 200, 200, 200, 200, 200, 200], "policy_prey_policy_reward": [-124.8850666348356, -47.77737957423818, -171.12046411503883, -172.69485853763783, -163.6412281889919, -41.25103208506701, -277.50094821153596, -255.33241443850594, -103.03588127087441, -163.27640166034948, 26.97396838041563, -47.74039936894493, 33.05539581219506, 95.48201584968052, -336.1379936598144, -26.558614623508785, -23.688005159911583, -14.910652731622909, -76.87253955992063, -75.68152080657043, -78.27022568216168, -67.33627788771221, -113.42955208682403, -140.6933391085702, -61.09822826160319, -148.0918913457499, -116.85442000538733, -97.11930201859127, -391.00288243119974, -301.1319984642129, -62.70948117769841, -147.4993286074423, -2.665735539372114, -147.58740024541987, 62.88198818175036, -15.809620466655815], "policy_predator_policy_reward": [144.01506663483576, 70.04737957423798, 209.4326250509218, 310.30995433611236, 169.7370391141319, 100.4024520674394, 398.82663819296585, 179.96397786692864, 151.13986521911457, 157.9848284936299, 114.698273647813, 15.01134380225759, 116.12447114021006, 70.59055847058264, 274.40177493343043, 214.68663996201383, 79.5480051599116, 25.560652731622913, 89.0925395599208, 80.30152080657126, 148.85022568216175, 68.96627788771201, 109.14300170479467, 173.92642949544907, 207.93907731258815, 125.69104229476514, 172.11011258705776, 71.92165166643375, 432.6018184095286, 180.9127108741805, 141.17754630634784, 97.60726699517545, 116.39357221593797, 77.33359866521337, 26.369346648758754, 32.008285636146645]}, "sampler_perf": {"mean_raw_obs_processing_ms": 0.5934576550873224, "mean_inference_ms": 1.5181669139222977, "mean_action_processing_ms": 0.24021724875556869, "mean_env_wait_ms": 0.20111726315578124, "mean_env_render_ms": 0.0}, "num_faulty_episodes": 0, "connector_metrics": {"ObsPreprocessorConnector_ms": 0.005359119839138455, "StateBufferConnector_ms": 0.002776251898871528, "ViewRequirementAgentConnector_ms": 0.08842613961961535}, "num_episodes": 18, "episode_return_max": 315.2524412726683, "episode_return_min": -78.62035161170196, "episode_return_mean": 75.54532530083222, "episodes_this_iter": 18}, "num_healthy_workers": 9, "num_in_flight_async_sample_reqs": 0, "num_remote_worker_restarts": 0, "num_agent_steps_sampled": 16000, "num_agent_steps_trained": 16000, "num_env_steps_sampled": 4000, "num_env_steps_trained": 4000, "num_env_steps_sampled_this_iter": 4000, "num_env_steps_trained_this_iter": 4000, "num_env_steps_sampled_throughput_per_sec": 399.84721299927855, "num_env_steps_trained_throughput_per_sec": 399.84721299927855, "timesteps_total": 4000, "num_env_steps_sampled_lifetime": 4000, "num_agent_steps_sampled_lifetime": 16000, "num_steps_trained_this_iter": 4000, "agent_timesteps_total": 16000, "timers": {"training_iteration_time_ms": 10003.829, "restore_workers_time_ms": 0.019, "training_step_time_ms": 10003.782, "sample_time_ms": 1205.196, "learn_time_ms": 8785.574, "learn_throughput": 455.292, "synch_weights_time_ms": 12.077}, "counters": {"num_env_steps_sampled": 4000, "num_env_steps_trained": 4000, "num_agent_steps_sampled": 16000, "num_agent_steps_trained": 16000}, "done": false, "training_iteration": 1, "trial_id": "b221c_00000", "date": "2024-08-20_05-55-44", "timestamp": 1724113544, "time_this_iter_s": 10.01579999923706, "time_total_s": 10.01579999923706, "pid": 20995, "hostname": "Joys-MacBook-Pro.local", "node_ip": "127.0.0.1", "config": {"extra_python_environs_for_driver": {}, "extra_python_environs_for_worker": {}, "placement_strategy": "PACK", "num_gpus": 0, "_fake_gpus": false, "num_cpus_for_main_process": 1, "eager_tracing": true, "eager_max_retraces": 20, "tf_session_args": {"intra_op_parallelism_threads": 2, "inter_op_parallelism_threads": 2, "gpu_options": {"allow_growth": true}, "log_device_placement": false, "device_count": {"CPU": 1}, "allow_soft_placement": true}, "local_tf_session_args": {"intra_op_parallelism_threads": 8, "inter_op_parallelism_threads": 8}, "torch_compile_learner": false, "torch_compile_learner_what_to_compile": "forward_train", "torch_compile_learner_dynamo_backend": "aot_eager", "torch_compile_learner_dynamo_mode": null, "torch_compile_worker": false, "torch_compile_worker_dynamo_backend": "aot_eager", "torch_compile_worker_dynamo_mode": null, "enable_rl_module_and_learner": false, "enable_env_runner_and_connector_v2": false, "env": "custom_tag_v0", "env_config": {"num_prey": 2, "num_predators": 2, "prey_speed": 1, "predator_speed": 1, "map_size": 30, "max_steps": 200, "screen_size": 600, "prey_view_size": 10, "predator_view_size": 10}, "observation_space": null, "action_space": null, "clip_rewards": null, "normalize_actions": true, "clip_actions": true, "_is_atari": null, "env_task_fn": null, "render_env": false, "action_mask_key": "action_mask", "env_runner_cls": null, "num_env_runners": 9, "num_envs_per_env_runner": 1, "num_cpus_per_env_runner": 1, "num_gpus_per_env_runner": 0, "custom_resources_per_env_runner": {}, "validate_env_runners_after_construction": true, "sample_timeout_s": 60.0, "_env_to_module_connector": null, "add_default_connectors_to_env_to_module_pipeline": true, "_module_to_env_connector": null, "add_default_connectors_to_module_to_env_pipeline": true, "episode_lookback_horizon": 1, "rollout_fragment_length": "auto", "batch_mode": "truncate_episodes", "compress_observations": false, "remote_worker_envs": false, "remote_env_batch_wait_ms": 0, "enable_tf1_exec_eagerly": false, "sample_collector": "<class 'ray.rllib.evaluation.collectors.simple_list_collector.SimpleListCollector'>", "preprocessor_pref": "deepmind", "observation_filter": "NoFilter", "update_worker_filter_stats": true, "use_worker_filter_stats": true,