{"custom_metrics": {}, "episode_media": {}, "info": {"learner": {"prey_policy": {"learner_stats": {"allreduce_latency": 0.0, "grad_gnorm": 1.6025662817652264, "cur_kl_coeff": 0.2, "cur_lr": 0.00010000000000000003, "total_loss": 8.488476446948985, "policy_loss": -0.013939035918425631, "vf_loss": 8.500860835383179, "vf_explained_var": 0.02479615495318458, "kl": 0.007773212571973326, "entropy": 1.6044077255107738, "entropy_coeff": 0.0}, "model": {}, "custom_metrics": {}, "num_agent_steps_trained": 126.98412698412699, "num_grad_updates_lifetime": 945.5, "diff_num_grad_updates_vs_sampler_policy": 944.5}, "predator_policy": {"learner_stats": {"allreduce_latency": 0.0, "grad_gnorm": 0.6878604435179599, "cur_kl_coeff": 0.2, "cur_lr": 0.00010000000000000003, "total_loss": 4.833465243647338, "policy_loss": -0.015056636766530573, "vf_loss": 4.846923400611474, "vf_explained_var": 0.004694696582814373, "kl": 0.007992389594653138, "entropy": 1.6029314073936018, "entropy_coeff": 0.0}, "model": {}, "custom_metrics": {}, "num_agent_steps_trained": 126.98412698412699, "num_grad_updates_lifetime": 945.5, "diff_num_grad_updates_vs_sampler_policy": 944.5}}, "num_env_steps_sampled": 4000, "num_env_steps_trained": 4000, "num_agent_steps_sampled": 16000, "num_agent_steps_trained": 16000}, "env_runners": {"episode_reward_max": 622.7638326962478, "episode_reward_min": 69.70000000000032, "episode_reward_mean": 286.17023539218303, "episode_len_mean": 400.0, "episode_media": {}, "episodes_timesteps_total": 3600, "policy_reward_min": {"prey_policy": -473.5096801858646, "predator_policy": 17.867808949423917}, "policy_reward_max": {"prey_policy": 286.28467165008766, "predator_policy": 433.0672713678559}, "policy_reward_mean": {"prey_policy": -1.8982385029985562, "predator_policy": 144.9833561990898}, "custom_metrics": {}, "hist_stats": {"episode_reward": [206.26492711763564, 368.8542597797788, 268.10000000000093, 69.70000000000032, 122.39999999999779, 622.7638326962478, 292.59999999999985, 392.4000000000006, 232.44909893598503], "episode_lengths": [400, 400, 400, 400, 400, 400, 400, 400, 400], "policy_prey_policy_reward": [64.3000000000005, -473.5096801858646, -83.54112714576371, 96.81907151447105, 2.4826664072682796, 174.16854532531372, -168.29359638996297, 37.96383594979057, -81.80887862248271, -85.27593768500702, 209.15090228176058, 286.28467165008766, -31.595481957637325, 59.6033347805467, -15.442189577606939, 195.93219105057585, -77.47073328000148, -143.93588716946206], "policy_predator_policy_reward": [433.0672713678559, 182.40733593564784, 182.61295436217526, 172.96336104889346, 35.217333592731954, 56.23145467468547, 178.5558607260885, 21.473899714082634, 128.70887862248097, 160.77593768500668, 96.9214970233085, 30.4067617410888, 190.7814336183127, 73.81071355877788, 194.04218957760673, 17.867808949423917, 48.16006094767721, 405.69565843777156]}, "sampler_perf": {"mean_raw_obs_processing_ms": 0.6104385019991114, "mean_inference_ms": 1.493577488439503, "mean_action_processing_ms": 0.26654809102544763, "mean_env_wait_ms": 0.18469813523750336, "mean_env_render_ms": 0.0}, "num_faulty_episodes": 0, "connector_metrics": {"ObsPreprocessorConnector_ms": 0.007063812679714627, "StateBufferConnector_ms": 0.004057089487711589, "ViewRequirementAgentConnector_ms": 0.10479821099175347}, "num_episodes": 9, "episode_return_max": 622.7638326962478, "episode_return_min": 69.70000000000032, "episode_return_mean": 286.17023539218303, "episodes_this_iter": 9}, "num_healthy_workers": 9, "num_in_flight_async_sample_reqs": 0, "num_remote_worker_restarts": 0, "num_agent_steps_sampled": 16000, "num_agent_steps_trained": 16000, "num_env_steps_sampled": 4000, "num_env_steps_trained": 4000, "num_env_steps_sampled_this_iter": 4000, "num_env_steps_trained_this_iter": 4000, "num_env_steps_sampled_throughput_per_sec": 89.51447779197449, "num_env_steps_trained_throughput_per_sec": 89.51447779197449, "timesteps_total": 4000, "num_env_steps_sampled_lifetime": 4000, "num_agent_steps_sampled_lifetime": 16000, "num_steps_trained_this_iter": 4000, "agent_timesteps_total": 16000, "timers": {"training_iteration_time_ms": 44685.519, "restore_workers_time_ms": 0.022, "training_step_time_ms": 44685.463, "sample_time_ms": 1192.784, "learn_time_ms": 43481.289, "learn_throughput": 91.994, "synch_weights_time_ms": 10.479}, "counters": {"num_env_steps_sampled": 4000, "num_env_steps_trained": 4000, "num_agent_steps_sampled": 16000, "num_agent_steps_trained": 16000}, "done": false, "training_iteration": 1, "trial_id": "36235_00000", "date": "2024-08-22_10-43-58", "timestamp": 1724303638, "time_this_iter_s": 44.702134132385254, "time_total_s": 44.702134132385254, "pid": 2873, "hostname": "Joys-MacBook-Pro.local", "node_ip": "127.0.0.1", "config": {"extra_python_environs_for_driver": {}, "extra_python_environs_for_worker": {}, "placement_strategy": "PACK", "num_gpus": 0, "_fake_gpus": false, "num_cpus_for_main_process": 1, "eager_tracing": true, "eager_max_retraces": 20, "tf_session_args": {"intra_op_parallelism_threads": 2, "inter_op_parallelism_threads": 2, "gpu_options": {"allow_growth": true}, "log_device_placement": false, "device_count": {"CPU": 1}, "allow_soft_placement": true}, "local_tf_session_args": {"intra_op_parallelism_threads": 8, "inter_op_parallelism_threads": 8}, "torch_compile_learner": false, "torch_compile_learner_what_to_compile": "forward_train", "torch_compile_learner_dynamo_backend": "aot_eager", "torch_compile_learner_dynamo_mode": null, "torch_compile_worker": false, "torch_compile_worker_dynamo_backend": "aot_eager", "torch_compile_worker_dynamo_mode": null, "enable_rl_module_and_learner": false, "enable_env_runner_and_connector_v2": false, "env": "custom_tag_v0", "env_config": {"prey_count": 2, "prey_speed": 1.0, "prey_view_size": 10, "prey_size": 1, "prey_color": [0, 255, 0], "prey_kill_reward": -10, "prey_alive_reward": 0.1, "prey_reward_sqr_reward": 1, "predator_count": 2, "predator_speed": 1.0, "predator_view_size": 10, "predator_size": 1, "predator_color": [255, 0, 0], "predator_kill_reward": 10, "map_size": 40, "max_steps": 400, "screen_size": 600, "render_mode": "None", "fps": 60}, "observation_space": null, "action_space": null, "clip_rewards": null, "normalize_actions": true, "clip_actions": true, "_is_atari": null, "env_task_fn": null, "render_env": false, "action_mask_key": "action_mask", "env_runner_cls": null, "num_env_runners": 9, "num_envs_per_env_runner": 1, "num_cpus_per_env_runner": 1, "num_gpus_per_env_runner": 0, "custom_resources_per_env_runner": {}, "validate_env_runners_after_construction": true, "sample_timeout_s": 60.0, "_env_to_module_connector": null, "add_default_connectors_to_env_to_module_pipeline": true, "_module_to_env_connector": null, "add_default_connectors_to_module_to_env_pipeline": true, "episode_lookback_horizon": 1, "rollout_fragment_length": "auto", "batch_mode": "truncate_episodes", "compress_observations": false, "remote_worker_envs": false, "remote_env_batch_wait_ms": 0, "enable_tf1_exec_eagerly": false, "sample_collector": "<class 'ray.rllib.evaluation.collectors.simple_list_collector.SimpleListCollector'>", "preprocessor_pref": "deepmind", "observation_filter": "NoFilter", "update_worker_filter_stats": true, "use_worker_filter_stats": true, "enable_connectors": true, "sampler_perf_stats_ema_coef": null, "num_learners": 0, "num_gpus_per_learner": 0, "num_cpus_per_learner": 1, "local_gpu_idx": 0, "gamma": 0.99, "lr": 0.0001, "grad_clip": null, "grad_clip_by": "global_norm", "train_batch_size": 4000, "train_batch_size_per_learner": null, "model": {"_disable_preprocessor_api": false, "_disable_action_flattening": false, "fcnet_hiddens": [256, 256], "fcnet_activation": "tanh", "fcnet_weights_initializer": null, "fcnet_weights_initializer_config": null, "fcnet_bias_initializer": null, "fcnet_bias_initializer_config": null, "conv_filters": null, "conv_activation": "relu", "conv_kernel_initializer": null, "conv_kernel_initializer_config": null,