{"custom_metrics": {}, "episode_media": {}, "info": {"learner": {"policy_0": {"learner_stats": {"cur_kl_coeff": 1.6218292713165283, "cur_lr": 4.999999873689376e-05, "total_loss": 0.9633516669273376, "policy_loss": -0.14332225918769836, "vf_loss": 1.0795875787734985, "vf_explained_var": 0.370906800031662, "kl": 0.016701068729162216, "entropy": 1.2478276491165161, "entropy_coeff": 0.0, "model": {}}}}, "num_env_steps_sampled": 404000, "num_env_steps_trained": 404000, "num_agent_steps_sampled": 4040000, "num_agent_steps_trained": 4040000}, "sampler_results": {"episode_reward_max": 81.0, "episode_reward_min": 30.0, "episode_reward_mean": 52.55555555555556, "episode_len_mean": 201.0, "episode_media": {}, "episodes_this_iter": 18, "policy_reward_min": {"policy_0": -16.0}, "policy_reward_max": {"policy_0": 18.0}, "policy_reward_mean": {"policy_0": 5.2555555555555555}, "custom_metrics": {}, "hist_stats": {"episode_reward": [39.0, 68.0, 57.0, 56.0, 41.0, 36.0, 80.0, 46.0, 64.0, 53.0, 37.0, 54.0, 36.0, 60.0, 66.0, 81.0, 30.0, 42.0], "episode_lengths": [201, 201, 201, 201, 201, 201, 201, 201, 201, 201, 201, 201, 201, 201, 201, 201, 201, 201], "policy_policy_0_reward": [7.0, 3.0, 2.0, 7.0, 3.0, 3.0, 7.0, 1.0, 2.0, 4.0, 4.0, 10.0, 13.0, 6.0, 8.0, 3.0, 2.0, 11.0, 7.0, 4.0, 9.0, 5.0, 10.0, 5.0, 0.0, 13.0, 7.0, 0.0, 2.0, 6.0, 6.0, 2.0, 6.0, 8.0, 7.0, 6.0, 15.0, 3.0, 0.0, 3.0, 2.0, 10.0, 3.0, 2.0, 3.0, 8.0, 3.0, 8.0, 2.0, 0.0, 6.0, 4.0, 18.0, 2.0, 13.0, 5.0, -5.0, 2.0, 7.0, -16.0, 2.0, 13.0, 13.0, 4.0, 6.0, 16.0, 7.0, 11.0, 1.0, 7.0, 5.0, 1.0, 4.0, 3.0, 11.0, 2.0, 6.0, 7.0, 2.0, 5.0, 12.0, 5.0, 7.0, 11.0, 2.0, 10.0, 4.0, 4.0, -1.0, 10.0, 6.0, 12.0, 5.0, 3.0, 5.0, -1.0, 6.0, 3.0, 15.0, -1.0, 0.0, 2.0, 4.0, 1.0, 3.0, 1.0, 4.0, 8.0, 11.0, 3.0, 3.0, 9.0, 8.0, -3.0, 3.0, 6.0, 3.0, 4.0, 16.0, 5.0, 2.0, 10.0, 2.0, 8.0, 5.0, 2.0, 2.0, 2.0, 0.0, 3.0, 3.0, 10.0, 2.0, 13.0, 7.0, 6.0, 5.0, 4.0, 2.0, 8.0, 10.0, 6.0, 8.0, 6.0, 5.0, 5.0, 2.0, 16.0, 9.0, -1.0, 17.0, 3.0, 12.0, 11.0, -2.0, 4.0, 3.0, 18.0, 14.0, 1.0, 3.0, 9.0, 1.0, 1.0, 2.0, 2.0, 2.0, 0.0, 2.0, 8.0, 0.0, 4.0, 2.0, 2.0, 9.0, -1.0, 5.0, 3.0, 2.0, 16.0]}, "sampler_perf": {"mean_raw_obs_processing_ms": 3.4050587837685784, "mean_inference_ms": 11.660070625478332, "mean_action_processing_ms": 1.0609856914430291, "mean_env_wait_ms": 3.167528192577985, "mean_env_render_ms": 0.0}, "num_faulty_episodes": 0, "connector_metrics": {"ObsPreprocessorConnector_ms": 0.019388728671603732, "StateBufferConnector_ms": 0.011746088663736979, "ViewRequirementAgentConnector_ms": 0.6959742969936795}}, "episode_reward_max": 81.0, "episode_reward_min": 30.0, "episode_reward_mean": 52.55555555555556, "episode_len_mean": 201.0, "episodes_this_iter": 18, "policy_reward_min": {"policy_0": -16.0}, "policy_reward_max": {"policy_0": 18.0}, "policy_reward_mean": {"policy_0": 5.2555555555555555}, "hist_stats": {"episode_reward": [39.0, 68.0, 57.0, 56.0, 41.0, 36.0, 80.0, 46.0, 64.0, 53.0, 37.0, 54.0, 36.0, 60.0, 66.0, 81.0, 30.0, 42.0], "episode_lengths": [201, 201, 201, 201, 201, 201, 201, 201, 201, 201, 201, 201, 201, 201, 201, 201, 201, 201], "policy_policy_0_reward": [7.0, 3.0, 2.0, 7.0, 3.0, 3.0, 7.0, 1.0, 2.0, 4.0, 4.0, 10.0, 13.0, 6.0, 8.0, 3.0, 2.0, 11.0, 7.0, 4.0, 9.0, 5.0, 10.0, 5.0, 0.0, 13.0, 7.0, 0.0, 2.0, 6.0, 6.0, 2.0, 6.0, 8.0, 7.0, 6.0, 15.0, 3.0, 0.0, 3.0, 2.0, 10.0, 3.0, 2.0, 3.0, 8.0, 3.0, 8.0, 2.0, 0.0, 6.0, 4.0, 18.0, 2.0, 13.0, 5.0, -5.0, 2.0, 7.0, -16.0, 2.0, 13.0, 13.0, 4.0, 6.0, 16.0, 7.0, 11.0, 1.0, 7.0, 5.0, 1.0, 4.0, 3.0, 11.0, 2.0, 6.0, 7.0, 2.0, 5.0, 12.0, 5.0, 7.0, 11.0, 2.0, 10.0, 4.0, 4.0, -1.0, 10.0, 6.0, 12.0, 5.0, 3.0, 5.0, -1.0, 6.0, 3.0, 15.0, -1.0, 0.0, 2.0, 4.0, 1.0, 3.0, 1.0, 4.0, 8.0, 11.0, 3.0, 3.0, 9.0, 8.0, -3.0, 3.0, 6.0, 3.0, 4.0, 16.0, 5.0, 2.0, 10.0, 2.0, 8.0, 5.0, 2.0, 2.0, 2.0, 0.0, 3.0, 3.0, 10.0, 2.0, 13.0, 7.0, 6.0, 5.0, 4.0, 2.0, 8.0, 10.0, 6.0, 8.0, 6.0, 5.0, 5.0, 2.0, 16.0, 9.0, -1.0, 17.0, 3.0, 12.0, 11.0, -2.0, 4.0, 3.0, 18.0, 14.0, 1.0, 3.0, 9.0, 1.0, 1.0, 2.0, 2.0, 2.0, 0.0, 2.0, 8.0, 0.0, 4.0, 2.0, 2.0, 9.0, -1.0, 5.0, 3.0, 2.0, 16.0]}, "sampler_perf": {"mean_raw_obs_processing_ms": 3.4050587837685784, "mean_inference_ms": 11.660070625478332, "mean_action_processing_ms": 1.0609856914430291, "mean_env_wait_ms": 3.167528192577985, "mean_env_render_ms": 0.0}, "num_faulty_episodes": 0, "connector_metrics": {"ObsPreprocessorConnector_ms": 0.019388728671603732, "StateBufferConnector_ms": 0.011746088663736979, "ViewRequirementAgentConnector_ms": 0.6959742969936795}, "num_healthy_workers": 9, "num_in_flight_async_reqs": 0, "num_remote_worker_restarts": 0, "num_agent_steps_sampled": 4040000, "num_agent_steps_trained": 4040000, "num_env_steps_sampled": 404000, "num_env_steps_trained": 404000, "num_env_steps_sampled_this_iter": 4000, "num_env_steps_trained_this_iter": 4000, "num_env_steps_sampled_throughput_per_sec": 9.568262627591663, "num_env_steps_trained_throughput_per_sec": 9.568262627591663, "timesteps_total": 404000, "num_steps_trained_this_iter": 4000, "agent_timesteps_total": 4040000, "timers": {"training_iteration_time_ms": 418048.656, "sample_time_ms": 10385.76, "learn_time_ms": 407517.012, "learn_throughput": 9.816, "synch_weights_time_ms": 127.015}, "counters": {"num_env_steps_sampled": 404000, "num_env_steps_trained": 404000, "num_agent_steps_sampled": 4040000, "num_agent_steps_trained": 4040000}, "done": true, "episodes_total": 18, "training_iteration": 101, "trial_id": "da374_00000", "date": "2023-11-26_11-50-23", "timestamp": 1701017423, "time_this_iter_s": 418.08167576789856, "time_total_s": 418.08167576789856, "pid": 26237, "hostname": "Joys-MBP.fios-router.home", "node_ip": "127.0.0.1", "config": {"extra_python_environs_for_driver": {}, "extra_python_environs_for_worker": {}, "num_gpus": 0, "num_cpus_per_worker": 1, "num_gpus_per_worker": 0, "_fake_gpus": false, "num_learner_workers": 0, "num_gpus_per_learner_worker": 0, "num_cpus_per_learner_worker": 1, "local_gpu_idx": 0, "custom_resources_per_worker": {}, "placement_strategy": "PACK", "eager_tracing": true, "eager_max_retraces": 20, "tf_session_args": {"intra_op_parallelism_threads": 2, "inter_op_parallelism_threads": 2, "gpu_options": {"allow_growth": true}, "log_device_placement": false, "device_count": {"CPU": 1}, "allow_soft_placement": true}, "local_tf_session_args": {"intra_op_parallelism_threads": 8, "inter_op_parallelism_threads": 8}, "torch_compile_learner": false, "torch_compile_learner_what_to_compile": "forward_train", "torch_compile_learner_dynamo_backend": "aot_eager", "torch_compile_learner_dynamo_mode": null, "torch_compile_worker": false, "torch_compile_worker_dynamo_backend": "aot_eager", "torch_compile_worker_dynamo_mode": null, "env": "EvolutionEnv", "env_config": {"num_agents": 10, "render_mode": null, "map_size": 100, "grid_size": 42, "map_color": [255, 255, 255], "food_color": [0, 255, 0], "player_color": [255, 0, 0], "out_of_bounds_color": [0, 0, 0], "food_count": 50, "fps": 120, "food_size": 2.0, "player_size": 2.0, "player_size_increase": 0.25, "player_speed": 1.0, "episode_steps": 200, "scale": 5, "mode": "train"}, "observation_space": null, "action_space": null, "env_task_fn": null, "render_env": false, "clip_rewards": null, "normalize_actions": true, "clip_actions": false, "disable_env_checking": false, "auto_wrap_old_gym_envs": true, "action_mask_key": "action_mask", "_is_atari": null, "env_runner_cls": null, "num_envs_per_worker": 1, "sample_collector": "<class 'ray.rllib.evaluation.collectors.simple_list_collector.SimpleListCollector'>", "sample_async": false, "enable_connectors": true, "update_worker_filter_stats": true, "use_worker_filter_stats": true, "rollout_fragment_length": "auto", "batch_mode": "truncate_episodes", "remote_worker_envs": false, "remote_env_batch_wait_ms": 0, "validate_workers_after_construction": true, "preprocessor_pref": "deepmind", "observation_filter": "NoFilter", "compress_observations": false, "enable_tf1_exec_eagerly": false, "sampler_perf_stats_ema_coef": null,